{
  "899 Airport Park Rd Ste K, Glen Burnie, MD 21061-2557": {
    "lat": 39.1716483,
    "lng": -76.6446935
  },
  "7791 NW 46 Street, Suite 414, Doral, FL 33166": {
    "lat": 25.8157363,
    "lng": -80.3235983
  },
  "150 National PL, Longwood, FL 32750-5495": {
    "lat": 28.6879322,
    "lng": -81.3474183
  },
  "815 E. Gilbert St., Wichita, KS  67211": {
    "lat": 37.6742088,
    "lng": -97.3285343
  },
  "1580 South 500 West, Ste 100, Salt Lake City, UT  84115": {
    "lat": 40.7359076,
    "lng": -111.9058465
  },
  "550 Old Bordentown Rd, Fairless Hills, PA 19030": {
    "lat": 40.16691670000001,
    "lng": -74.75645519999999
  },
  "500 Keele St, Toronto, ON M6N 3C9": {
    "lat": 43.6685797,
    "lng": -79.4671452
  },
  "7184 Maygan Drive, Olive Branch, MS 38654": {
    "lat": 34.9778386,
    "lng": -89.85989839999999
  },
  "19 Butterfield Trail, El Paso, TX 79906": {
    "lat": 31.8140073,
    "lng": -106.3964038
  },
  "790 Berry Shoals Rd., Duncan, SC 29334": {
    "lat": 34.8803719,
    "lng": -82.129623
  },
  "1733 Morgan Road, Modesto, CA 95358": {
    "lat": 37.6043944,
    "lng": -120.9766977
  },
  "2230 26th Street Southwest, Allentown, PA 18103": {
    "lat": 40.5669492,
    "lng": -75.47801129999999
  },
  "3301 Rosedale Avenue, Richmond, VA 23230": {
    "lat": 37.5770203,
    "lng": -77.4693669
  },
  "4317 Fortune Drive, Suite J, West Melbourne, FL 32940": {
    "lat": 28.0716832,
    "lng": -80.65338779999999
  },
  "1275 W. State St, Ontario, CA 91762": {
    "lat": 34.0589549,
    "lng": -117.6749762
  },
  "1275 W. State St., Ontario CA 91762": {
    "lat": 34.0589549,
    "lng": -117.6749762
  },
  "14530 Joanbridge Street, Baldwin Park, CA 91706": {
    "lat": 34.1051637,
    "lng": -117.9575528
  },
  "14604 Arrow Highway, Baldwin Park, CA 91706": {
    "lat": 34.10622900000001,
    "lng": -117.957237
  },
  "14618 Arrow Highway, Baldwin Park, CA 91706": {
    "lat": 34.1062686,
    "lng": -117.9568499
  },
  "14620 Joanbridge Street, Baldwin Park, CA 91706": {
    "lat": 34.1053881,
    "lng": -117.9570703
  },
  "14634 Joanbridge Street, Baldwin Park, CA 91706": {
    "lat": 34.105354,
    "lng": -117.9562485
  },
  "14635 Joanbridge Street, Baldwin Park, CA 91706": {
    "lat": 34.1062581,
    "lng": -117.9562428
  },
  "5115 Bleecker Street, Baldwin Park, CA 91706": {
    "lat": 34.10521290000001,
    "lng": -117.9556754
  },
  "5129 Bleecker Street, Baldwin Park, CA 91706": {
    "lat": 34.1057596,
    "lng": -117.9552966
  },
  "29313 Clemens Rd. Suite 2L, Westlake, OH 44145": {
    "lat": 41.4695829,
    "lng": -81.94649280000002
  },
  "29313 Clemens Rd Ste 2L, Westlake, OH 44145": {
    "lat": 41.4695829,
    "lng": -81.94649280000002
  },
  "562 Captain Neville Drive, Waterbury, CT  06705": {
    "lat": 41.5359615,
    "lng": -72.9690123
  },
  "2424 E York St Unit 227, Philadelphia, PA 19125": {
    "lat": 39.9774533,
    "lng": -75.1245282
  },
  "115 Rocklyn Ave Unit A, Lynbrook, NY 11563": {
    "lat": 40.6561117,
    "lng": -73.6624506
  },
  "1120 Lincoln Avenue, Holbrook, NY 11741": {
    "lat": 40.776096,
    "lng": -73.08454789999999
  },
  "83 Kean Street, West Babylon, NY 11704": {
    "lat": 40.7374466,
    "lng": -73.3797233
  },
  "2747 Oakland Ave, Garland, TX 75041": {
    "lat": 32.876796,
    "lng": -96.6703273
  },
  "50 Noll Street,, 57 Noll Street, Suite B, Waukegan, IL 60085": {
    "lat": 42.3612746,
    "lng": -87.8827877
  },
  "7140 Route 132, Sainte-Catherine, Québec, Canada- J5C 1B6": {
    "lat": 45.3970186,
    "lng": -73.6049717
  },
  "601 Mason Rd, Suite 180, La Vergne, TN 37086": {
    "lat": 35.9869205,
    "lng": -86.5806049
  },
  "1431 Potrero Ave. Unit B, South El Monte, CA  91733": {
    "lat": 34.0454933,
    "lng": -118.0562818
  },
  "4315 South Dr., Houston, TX 77053": {
    "lat": 29.5853124,
    "lng": -95.44406920000002
  },
  "1875 East Lake Mary Boulevard, Sanford, FL 32773": {
    "lat": 28.7597512,
    "lng": -81.2583459
  },
  "1130 S 3800 W Ste 200 Salt Lake City, UT 84104": {
    "lat": 40.7447081,
    "lng": -111.983738
  },
  "4120 W Windmill LN Ste 105, Las Vegas, NV 89139": {
    "lat": 36.0451545,
    "lng": -115.193616
  },
  "1139 Lehigh Ave Suite 150, Whitehall, PA 18052": {
    "lat": 40.6399798,
    "lng": -75.46552129999999
  },
  "103 Shades Creek Cir Ste D, Birmingham, AL 35211": {
    "lat": 33.4302142,
    "lng": -86.84628529999999
  },
  "5060 Commerce Park Cir, Pensacola, FL 32505": {
    "lat": 30.4734174,
    "lng": -87.269965
  },
  "902 N Hazel St, Pontiac, IL 61764": {
    "lat": 40.8860821,
    "lng": -88.6237012
  },
  "8559 NE Interstate Loop 410 Suite B-144, San Antonio, TX 78219": {
    "lat": 29.4438271,
    "lng": -98.3962067
  },
  "7555 E Pleasant Valley Rd Suite 180, Independence, OH 44131": {
    "lat": 41.3628758,
    "lng": -81.6284368
  },
  "1609 McDonald Ave, Brooklyn, NY 11230": {
    "lat": 40.6136102,
    "lng": -73.9735807
  },
  "1736 E Borchard Ave, Santa Ana, CA 92705-4605": {
    "lat": 33.7288721,
    "lng": -117.8435212
  },
  "170 West 43rd Street, Covington, KY 41015": {
    "lat": 39.0431962,
    "lng": -84.50840830000001
  },
  "1401 Lakeway Drive #A, Lewisville, TX 75057": {
    "lat": 33.0253861,
    "lng": -96.9785134
  },
  "3450 NW 114th Ave, Doral, FL 33178": {
    "lat": 25.805547,
    "lng": -80.381914
  },
  "800 1/2 A Williams Street Marlin, TX 76661": {
    "lat": 31.2984795,
    "lng": -96.89927159999999
  },
  "800 Williams Street Marlin, TX 76661": {
    "lat": 31.2984795,
    "lng": -96.89927159999999
  },
  "1400 Main Street, Baton Rouge, LA 70802": {
    "lat": 30.4517176,
    "lng": -91.174724
  },
  "2315 Frederick Ave, Saint Joseph, MO 64506 USA": {
    "lat": 39.7766501,
    "lng": -94.8321533
  },
  "2915 21 Street NE, Suite 112, Calgary, AB T2E 7T1": {
    "lat": 51.078384,
    "lng": -114.0099071
  },
  "66 E Escalon Avenue, Suite 111, Fresno, CA 93710": {
    "lat": 36.8270007,
    "lng": -119.7888796
  },
  "2137 Knapp St., Brooklyn, NY  11229": {
    "lat": 40.6001734,
    "lng": -73.9338692
  },
  "32640 Dequindre Rd. Suite B, Warren, FL 48092": {
    "lat": 42.5319844,
    "lng": -83.0857011
  },
  "4930 Holtz Drive, Wixom, MI 48393": {
    "lat": 42.5243631,
    "lng": -83.5659409
  },
  "618 E. Auto Center Drive, Suite 111, Mesa, AZ 85204": {
    "lat": 33.3851699,
    "lng": -111.8181686
  },
  "7931 NW 68th Street, Miami FL 33166": {
    "lat": 25.835788,
    "lng": -80.3260509
  },
  "5257 N State Route 157, Edwardsville, IL 62025": {
    "lat": 38.8496555,
    "lng": -89.8907608
  },
  "945 E Pleasant Run RD, Lancaster, TX 75146": {
    "lat": 32.6050571,
    "lng": -96.741517
  },
  "88 Cummings Park Drive, Woburn, MA 01801": {
    "lat": 42.499451,
    "lng": -71.12129
  },
  "2580 Esters Boulevard, Irving, TX 75261": {
    "lat": 32.931206,
    "lng": -97.03181479999999
  },
  "1533 Progress Way, Suite 113, Eldersburg, MD 21784": {
    "lat": 39.4112625,
    "lng": -76.9437713
  },
  "3120 S. Verity Pkwy., Middletown, OH 45044": {
    "lat": 39.4830707,
    "lng": -84.4132631
  },
  "5087 Westerville Road, Columbus, OH 43231": {
    "lat": 40.0763344,
    "lng": -82.929242
  },
  "1 Judy Way, Aston, PA 19014": {
    "lat": 39.8607854,
    "lng": -75.4006105
  },
  "1628 Roseytown Road, Unit 8, Greensburg, PA 15601": {
    "lat": 40.3104209,
    "lng": -79.5151017
  },
  "111 Fredrix Alley, Lawrenceville, GA 30046": {
    "lat": 33.9718209,
    "lng": -83.9777653
  },
  "145 New Hartford St., New Hartford, NC 13413": {
    "lat": 43.0838346,
    "lng": -75.29365349999999
  },
  "618 West Finger Street, Suite B, Maiden, NC 28650": {
    "lat": 35.5778676,
    "lng": -81.224796
  },
  "290-B International Drive, Concord, NC 28027": {
    "lat": 35.4198258,
    "lng": -80.6535504
  },
  "2501 Grant Ave, Bellwood, IL 60104": {
    "lat": 41.8899802,
    "lng": -87.86440119999999
  },
  "2400 Main Street, Melrose Park, IL 60160": {
    "lat": 41.89141619999999,
    "lng": -87.8633321
  },
  "838 Lai Chi Kok Road, Units 204-205, Laford Centre, Chueng Sha Wan, Hong Kong- KOWLOON": {
    "lat": 22.3357181,
    "lng": 114.1473438
  },
  "625 Willow Springs Lane, York, PA 17406": {
    "lat": 40.0494171,
    "lng": -76.746197
  },
  "1976 N Yellowstone Hwy, Idaho Falls, ID 83401": {
    "lat": 43.513707,
    "lng": -112.0105998
  },
  "80 Pacific Court, Unit 12, London, ON N5V 3K4 London, ON N5V 3K4": {
    "lat": 43.0092603,
    "lng": -81.17501539999999
  },
  "11635 Harry Hines Blvd Ste 100, Dallas, TX 75229-2204": {
    "lat": 32.9053501,
    "lng": -96.8955143
  },
  "206 Didion Drive, Saint Peters, MO 63376": {
    "lat": 38.8035373,
    "lng": -90.6166786
  },
  "26055 Emery Rd # C, Cleveland, OH 44128": {
    "lat": 41.4362124,
    "lng": -81.4943344
  },
  "10572 Acacia St., STE C5, Rancho Cucamonga, CA  91730": {
    "lat": 34.0912197,
    "lng": -117.5742916
  },
  "18901 Euclid Avenue, Cleveland, OH 44117": {
    "lat": 41.559204,
    "lng": -81.548536
  },
  "1864 Broadway STE A, Placerville, CA 95667": {
    "lat": 38.7299499,
    "lng": -120.762181
  },
  "31702 Hayman Street, Hayward, CA 94544": {
    "lat": 37.6118448,
    "lng": -122.0438956
  },
  "7201 Petterson Lane Paramount, CA 90723": {
    "lat": 33.9072387,
    "lng": -118.1730619
  },
  "7230 Petterson Lane Paramount, CA 90723": {
    "lat": 33.9070896,
    "lng": -118.1722852
  },
  "8065 Marine Way, Bldg. 297, Irvine, CA 92618": {
    "lat": 33.6653969,
    "lng": -117.7351382
  },
  "7510 Bittern Avenue, Cleveland, OH 44103": {
    "lat": 41.5334792,
    "lng": -81.6380448
  },
  "2816-A Fallfax Dr. Falls Church, VA 22042": {
    "lat": 38.87703399999999,
    "lng": -77.2081635
  },
  "427 N. Maple Avenue Falls Church, VA 22046": {
    "lat": 38.8868119,
    "lng": -77.1664079
  },
  "935 Lincoln Ave., Holbrook, NY": {
    "lat": 40.7743803,
    "lng": -73.0827691
  },
  "26266A Railroad Avenue, Loxley, AL 36551": {
    "lat": 30.60675749999999,
    "lng": -87.73893199999999
  },
  "26320 Railroad Avenue, Loxley, AL 36551": {
    "lat": 30.6090061,
    "lng": -87.73987670000001
  },
  "29699 Southfield Road, Southfield, MI 48076": {
    "lat": 42.5073756,
    "lng": -83.2239594
  },
  "9100-C Perimeter Woods Drive, Charlotte, NC 28216": {
    "lat": 35.34463,
    "lng": -80.85101
  },
  "151 Regal Row, STE 201,\tDallas,\tTX 75247": {
    "lat": 32.8130452,
    "lng": -96.90053119999999
  },
  "2371 Church Street, Philadelphia, PA 19124": {
    "lat": 40.0051827,
    "lng": -75.082195
  },
  "64 Hannay Lane, Glenmont, NY 12077": {
    "lat": 42.62379190000001,
    "lng": -73.7867964
  },
  "19239 96th Avenue, Surrey, BC V4N 4C4": {
    "lat": 49.1774514,
    "lng": -122.6892325
  },
  "1320 South Johnson Drive,\tCity Of Industry,\tCA\t91745": {
    "lat": 34.0033702,
    "lng": -117.9465612
  },
  "8140 Walnut Hill Lane, Suite 820, Dallas, TX 75231": {
    "lat": 32.8792665,
    "lng": -96.7663784
  },
  "2235 Mary ST Ste A Pittsburgh, PA 15203": {
    "lat": 40.4258524,
    "lng": -79.9735383
  },
  "1085 Alper Center Dr, Suite 110,\tHenderson,\tNV\t89052": {
    "lat": 35.9883366,
    "lng": -115.1294851
  },
  "300 Corporate Drive,\tElgin,\tIL\t60123": {
    "lat": 42.07332299999999,
    "lng": -88.2820591
  },
  "5367 Dietrich Road, Suite 110,\tSan Antonio,\tTX\t78219": {
    "lat": 29.44358859999999,
    "lng": -98.3851799
  },
  "1500 Southpoint Drive, Suite 200, Forest Park, GA 30297": {
    "lat": 33.633467,
    "lng": -84.3832702
  },
  "9665 SW Tualatin-Sherwood Rd., Tualatin, OR 97062": {
    "lat": 45.3812181,
    "lng": -122.7767071
  },
  "12820 NE Marx Street, Portland, OR 97230": {
    "lat": 45.5577944,
    "lng": -122.5322259
  },
  "6440 SE Alexander St, Hillsboro, OR 97123": {
    "lat": 45.4957266,
    "lng": -122.9154527
  },
  "745 NW 7th Avenue,\tFort Lauderdale,\tFL\t33311": {
    "lat": 26.1327726,
    "lng": -80.15113800000002
  },
  "1 Crow Point Road, Central Falls, RI 02865": {
    "lat": 41.8861552,
    "lng": -71.4024072
  },
  "1 Landing Avenue, Avenel, NJ 07065": {
    "lat": 40.5905189,
    "lng": -74.27925479999999
  },
  "1010 N22nd Avenue, Phoenix, AZ 85009": {
    "lat": 33.4584459,
    "lng": -112.1064176
  },
  "1119 Pendale Road, El Paso, TX 79907": {
    "lat": 31.73023839999999,
    "lng": -106.3188026
  },
  "1212 East 6th Street, Sandwich, IL 60548": {
    "lat": 41.65003,
    "lng": -88.6039531
  },
  "13105 East 38th Street, Denver, CO 80239": {
    "lat": 39.7697729,
    "lng": -104.8352781
  },
  "19421 Quinn Road Bakersfield, CA 93308": {
    "lat": 35.4465867,
    "lng": -119.0833452
  },
  "2 Crow Point Road, Lincoln, RI 02865": {
    "lat": 41.8840964,
    "lng": -71.4056774
  },
  "3333 East Kiest Boulevard, Dallas, TX 75203": {
    "lat": 32.7312588,
    "lng": -96.7857868
  },
  "37750 Freightway Lane, Sandy, OR 97055": {
    "lat": 45.3992812,
    "lng": -122.27711
  },
  "4950 Quality Drive, Fredericksburg, VA 22408": {
    "lat": 38.2609955,
    "lng": -77.50605639999999
  },
  "6970 Jonesboro Road, Morrow, GA 30260": {
    "lat": 33.5654239,
    "lng": -84.34329730000002
  },
  "900 Leesville Avenue, Rahway, NJ 07065": {
    "lat": 40.59314579999999,
    "lng": -74.2817513
  },
  "Av. El Puente S/N, Parque Industrial El Puente, Reynosa, Tamaulipas 88783 México": {
    "lat": 26.0109056,
    "lng": -98.186121
  },
  "7823 Sandy Farm Rd,\tSevern,\tMD\t21144": {
    "lat": 39.146285,
    "lng": -76.682621
  },
  "15825 State Highway 249 Suite 3,\tHouston,\tTX\t77086": {
    "lat": 29.940484,
    "lng": -95.52202229999999
  },
  "11076 Harry Hines Boulevard, Suite 300,\tDallas,\tTX\t75229": {
    "lat": 32.886063,
    "lng": -96.88683150000001
  },
  "3334 Industrial Way NE, Salem, OR 97301": {
    "lat": 44.9683337,
    "lng": -123.0103149
  },
  "4721 Eagle Street NW, North Canton, OH 44720": {
    "lat": 40.8841488,
    "lng": -81.435604
  },
  "201 Hastings Dr.,\tBuffalo Grove,\tIL\t60089": {
    "lat": 42.1565234,
    "lng": -87.9374679
  },
  "635 S Tenth St, Unit 600,\tAllentown,\tPA\t18103": {
    "lat": 40.5948439,
    "lng": -75.4750578
  },
  "2858 NW 72nd Ave,\tMiami,\tFL\t33122": {
    "lat": 25.8005023,
    "lng": -80.31359599999999
  },
  "1111 Jefferson Avenue, Suite A,\tElizabeth,\tNJ\t07201": {
    "lat": 40.6866128,
    "lng": -74.1993142
  },
  "26500 Harding Street, Oak Park, MI 48237": {
    "lat": 42.4867215,
    "lng": -83.1986076
  },
  "26500 Harding St, Oak Park, MI 48237": {
    "lat": 42.4867215,
    "lng": -83.1986076
  },
  "557 Clark Ave, Pittsburg, CA 94565-5025": {
    "lat": 38.0124083,
    "lng": -121.8789325
  },
  "342 Circuit Street Unit 4, Hanover, MA, United States, North America": {
    "lat": 42.10946999999999,
    "lng": -70.86549049999999
  },
  "547 Airport Road, Suite 101, Gallatin, TN 37066": {
    "lat": 36.3938685,
    "lng": -86.4035423
  },
  "Henry Fligeltaub Co, 1719 W. Louisiana St., Evansville, IN  47710": {
    "lat": 37.989392,
    "lng": -87.588292
  },
  "1202 Nagel Boulevard, Batavia, IL 60510": {
    "lat": 41.8630969,
    "lng": -88.2972745
  },
  "7601 Ambassador Row, Dallas, Texas 75247": {
    "lat": 32.8156066,
    "lng": -96.87598039999999
  },
  "9191 West Buckeye Road, Suite 119, Tolleson, AZ 85353": {
    "lat": 33.43506,
    "lng": -112.2573486
  },
  "10900 Northwest 97th Street, Suite 102, 103, 104, Miami, FL 33178": {
    "lat": 25.8617721,
    "lng": -80.3731415
  },
  "900 Carnegie Street,\tRolling Meadows,\tIL\t60008": {
    "lat": 42.1004259,
    "lng": -88.0285153
  },
  "110 Main Street, Lower Level, Wintersville, OH 43953": {
    "lat": 40.369742,
    "lng": -80.68869169999999
  },
  "60 Industrial Street, Waterville, ME 04901": {
    "lat": 44.5734231,
    "lng": -69.6314799
  },
  "7067 Production Ct., Florence, KY 41042": {
    "lat": 38.9743166,
    "lng": -84.6016369
  },
  "8063 Production Road, Florence, KY 41042": {
    "lat": 38.9740032,
    "lng": -84.6033854
  },
  "7067 Production Ct, Florence, KY 41042": {
    "lat": 38.9743166,
    "lng": -84.6016369
  },
  "2841 S Croddy Way, Santa Ana, CA 92704": {
    "lat": 33.7095963,
    "lng": -117.9214792
  },
  "115 31St Ave N Minneapolis, MN 55411": {
    "lat": 45.0116124,
    "lng": -93.2796104
  },
  "12440 Firestone Blvd, STE 108,\tNorwalk,\tCA\t90650": {
    "lat": 33.9046666,
    "lng": -118.0686423
  },
  "225 Wales Street, Abington, MA 02351": {
    "lat": 42.1297605,
    "lng": -70.94149780000001
  },
  "225 Wales St,\tAbington,\tMA\t02351": {
    "lat": 42.1297605,
    "lng": -70.94149780000001
  },
  "7506 Reindeer Trl, San Antonio, TX 78238": {
    "lat": 29.5003955,
    "lng": -98.6299264
  },
  "1950 S. Santa Fe Ave., Compton, CA 90221": {
    "lat": 33.878816,
    "lng": -118.2148328
  },
  "1320 S. Johnson Drive,\tCity Of Industry,\tCA\t91745": {
    "lat": 34.0033702,
    "lng": -117.9465612
  },
  "8701 Torresdale Ave Ste. O,\tPhiladelphia,\tPA\t19136": {
    "lat": 40.043574,
    "lng": -75.00892449999999
  },
  "28310 Industrial Blvd Suite F,\tHayward,\tCA\t94545": {
    "lat": 37.6182495,
    "lng": -122.0946624
  },
  "160 Fairbanks Street,\tJackson,\tMS\t39202": {
    "lat": 32.3167182,
    "lng": -90.1871457
  },
  "1450 Lyell Ave, Rochester, NY 14606": {
    "lat": 43.1664234,
    "lng": -77.6616785
  },
  "1210 E. 223rd Street, Suite 305, Carson, CA, 90745": {
    "lat": 33.8232469,
    "lng": -118.251703
  },
  "8220 NW 14th Street, Doral, FL 33126": {
    "lat": 25.7850284,
    "lng": -80.32925689999999
  },
  "1610 Highwood E, Pontiac, MI 48340": {
    "lat": 42.6826725,
    "lng": -83.28673959999999
  },
  "30100 Crown Valley Pkwy Suite 11-10,\tLaguna Niguel,\tCA\t92677": {
    "lat": 33.525439,
    "lng": -117.7117789
  },
  "1625 Crescent Cir STE 300, Carrollton, TX 75006": {
    "lat": 32.9618707,
    "lng": -96.9191525
  },
  "48 N Main ST, Hughesville, PA 17737": {
    "lat": 41.24172799999999,
    "lng": -76.723243
  },
  "260 Schilling Circle\tHunt Valley\tMD\t21031": {
    "lat": 39.4886286,
    "lng": -76.6622663
  },
  "6451 Northwest 102 Avenue, Unit 10, Doral, FL  33178": {
    "lat": 25.8317726,
    "lng": -80.3595294
  },
  "6746 Romiss Court,\tSt. Louis,\tMO\t63134": {
    "lat": 38.76305,
    "lng": -90.34129759999999
  },
  "1275 Corporate Center Drive,\tEagan,\tMN\t55121": {
    "lat": 44.8544449,
    "lng": -93.1580573
  },
  "13037 Lakeland Road, Suite A, Santa Fe Springs, CA  90670": {
    "lat": 33.9323148,
    "lng": -118.0538111
  },
  "209 E. 2nd St., Elgin, TX  78621": {
    "lat": 30.34977889999999,
    "lng": -97.36926700000001
  },
  "915 5th St\tPark Hills\tMO\t63601": {
    "lat": 37.854523,
    "lng": -90.4978721
  },
  "4125 Felter Lane,\tAustin,\tTX\t78744": {
    "lat": 30.1963312,
    "lng": -97.70513129999999
  },
  "216 Rosen Drive,\tDalton,\tGA\t30721": {
    "lat": 34.7979328,
    "lng": -84.9635869
  },
  "110 Bi County Blvd, Suite 106,\tFarmingdale,\tNY\t11735": {
    "lat": 40.7264187,
    "lng": -73.42918499999999
  },
  "10 Bi County Blvd Ste 106, Farmingdale, NY 11735-3923": {
    "lat": 40.7239272,
    "lng": -73.4294906
  },
  "32 Innovation Drive, Rochester, NH 03867": {
    "lat": 43.2800103,
    "lng": -70.9194033
  },
  "925 Industrial Park Drive, Marietta, GA 30062 USA": {
    "lat": 33.974276,
    "lng": -84.5384618
  },
  "7043 Industrial Way, San Antonio, TX  78252": {
    "lat": 29.3267699,
    "lng": -98.63424889999999
  },
  "7515 Santa Fe Dr,\tHodgkin,\tIL\t60525": {
    "lat": 41.7528929,
    "lng": -87.8671009
  },
  "401 Yorkville Rd E,\tColumbus,\tMS\t39702": {
    "lat": 33.4791485,
    "lng": -88.38198090000002
  },
  "1372 Main St.\tCoventry\tRI\t2816": {
    "lat": 41.6947801,
    "lng": -71.5759201
  },
  "1701 10th Street, Suite #100,\tPlano,\tTX\t75074": {
    "lat": 33.0133063,
    "lng": -96.6891402
  },
  "668 Gravel Pike Ste 300, East Greenville, PA 18041-2150": {
    "lat": 40.4157792,
    "lng": -75.5159543
  },
  "1508 11th Avenue North,\tNampa,\tID\t83687": {
    "lat": 43.5943906,
    "lng": -116.5409217
  },
  "1930 S. Vinyard Ave.,\tOntario,\tCA\t91761": {
    "lat": 34.0385344,
    "lng": -117.6121343
  },
  "29603 Hall Street, Solon, OH 44139": {
    "lat": 41.3777724,
    "lng": -81.47024789999999
  },
  "1260 E Watertower St, Meridian, ID 83642-5028": {
    "lat": 43.6008107,
    "lng": -116.3785314
  },
  "2024 W Hunting Park Avenue,\tPhiladelphia,\tPA\t19140": {
    "lat": 40.0122657,
    "lng": -75.1610915
  },
  "31-16 20th Avenue,\tQueens,\tNY\t11105": {
    "lat": 40.77934399999999,
    "lng": -73.90606009999999
  },
  "Main: 7941 Wellingford Dr. Manassas, VA 20109, Campus 2: 7010 Wellington Rd. Manassas, VA 20109": {
    "lat": 38.7848502,
    "lng": -77.5558145
  },
  "12 Asset Recycling Way, Dawsonville, GA 30534": {
    "lat": 34.4212052,
    "lng": -84.1190804
  },
  "1225 Jefferson Rd., Ste 23,\tRochester,\tNY\t14623": {
    "lat": 43.0853198,
    "lng": -77.6013407
  },
  "800 Capitol Street, Houston, TX 77002": {
    "lat": 29.7594758,
    "lng": -95.3649185
  },
  "1814 East 40th Street\tCleveland\tOH\t44103": {
    "lat": 41.5085763,
    "lng": -81.65992539999999
  },
  "756 NW 27th Ave, Fort Lauderdale, FL, 33311": {
    "lat": 26.1306312,
    "lng": -80.1773142
  },
  "1 A E Chimney Rock Rd Bound Brook, NJ 08805": {
    "lat": 40.5709942,
    "lng": -74.5620566
  },
  "10709 Tube Drive, Suite 100, Hurst, TX  76053": {
    "lat": 32.8122727,
    "lng": -97.1384831
  },
  "7318 Victor Mendon Road, Victor, NY 14564": {
    "lat": 42.99581269999999,
    "lng": -77.4338014
  },
  "11600 South Burley Avenue, Chicago, IL 60617": {
    "lat": 41.6832686,
    "lng": -87.54721719999999
  },
  "1815 E. Deer Valley Dr., Phoenix, AZ 85024": {
    "lat": 33.6872843,
    "lng": -112.0437371
  },
  "2005 Broad Street, Brooksville, FL 34604": {
    "lat": 28.4611805,
    "lng": -82.4483685
  },
  "2501 N Great Southwest Pkwy, Grand Prairie, TX 75050": {
    "lat": 32.7923226,
    "lng": -97.047958
  },
  "2710 Weck Drive, Durham, NC 27713": {
    "lat": 35.9290709,
    "lng": -78.85116479999999
  },
  "2989 Humphries Hill Road, Austell, GA 30106": {
    "lat": 33.8100344,
    "lng": -84.6427621
  },
  "4550 Darrow Rd., Stow, OH 44224": {
    "lat": 41.1893636,
    "lng": -81.4411994
  },
  "3200 East Frontera Street\tAnaheim\tCA\t92806": {
    "lat": 33.848196,
    "lng": -117.8508487
  },
  "108 Security Parkway,\tNew Albany,\tIN\t47150": {
    "lat": 38.3632517,
    "lng": -85.80969089999999
  },
  "216 Peekstok Road, Kalamazoo, MI 49001": {
    "lat": 42.2526838,
    "lng": -85.577772
  },
  "29601 Solon Rd,\tSolon,\tOH\t44139": {
    "lat": 41.3881711,
    "lng": -81.47029859999999
  },
  "14814 Venture Dr,\tFarmers Branch,\tTX\t75234": {
    "lat": 32.9507346,
    "lng": -96.85844379999999
  },
  "309 Fellowship Road, East Gate Center, Suite 215, 2nd FL Mount Laurel NJ 08054": {
    "lat": 39.943969,
    "lng": -74.95217889999999
  },
  "1521 Page Industrial Blvd.,\tSt. Louis,\tMO\t63132": {
    "lat": 38.6873233,
    "lng": -90.3862618
  },
  "14516 Lee Road A, Chantilly, VA 20151 USA": {
    "lat": 38.8971237,
    "lng": -77.4484497
  },
  "1701 10th Street, Suite #100, Plano, TX 75074": {
    "lat": 33.0133063,
    "lng": -96.6891402
  },
  "3542 Route 112, Coram, NY 11727": {
    "lat": 40.85575,
    "lng": -73.0004929
  },
  "130 McCormick Ave. Site 104, Costa Mesa, CA  92626": {
    "lat": 33.6834747,
    "lng": -117.8731756
  },
  "272 Oriskany Boulevard, Whitesboro, NY 13492": {
    "lat": 43.1290246,
    "lng": -75.2989284
  },
  "4 Owens Road, Brockport, NY 14420": {
    "lat": 43.2112934,
    "lng": -77.92450939999999
  },
  "Avenida Cucba No. 175 Int. 41,, Parque Pinar Empresarial,, Zapopan, Jalisco C.P. 45221": {
    "lat": 20.7300687,
    "lng": -103.5168284
  },
  "2099 Valley View LN Ste 160, Dallas, TX 75234": {
    "lat": 32.9228645,
    "lng": -96.90800689999999
  },
  "320 South Gibson Drive, Madison, NC 27025": {
    "lat": 36.3800125,
    "lng": -79.9992517
  },
  "813 8th Street, Suite 507,\tWichita Falls,\tTX\t76301": {
    "lat": 33.911095,
    "lng": -98.4925921
  },
  "700 McCue Rd, Suite 7-12,\tLakeland,\tFL\t33815": {
    "lat": 28.0366213,
    "lng": -82.03312249999999
  },
  "320 N Eucalyptus Avenue, Suite B,\tInglewood,\tCA\t90302": {
    "lat": 33.9663706,
    "lng": -118.358928
  },
  "Periférico Sur No. 6350 G-2 - Col. Artesanos Industrial - Tlaquepaque - Jalisco - 45610 - Mexico": {
    "lat": 20.580463,
    "lng": -103.36883
  },
  "4851 Jennings Lane - Louisville - Kentucky - 40218": {
    "lat": 38.1824928,
    "lng": -85.67906850000001
  },
  "705 South Easy Street, Lecanto, FL 34461": {
    "lat": 28.8532773,
    "lng": -82.45479639999999
  },
  "8401 E. Washington Street Suite #100\tIndianapolis\tIN\t46219-7721": {
    "lat": 39.7717904,
    "lng": -86.0193551
  },
  "8515 S. Freeway Dr. Ste C/D/E, Macedonia, OH 44045": {
    "lat": 41.317993,
    "lng": -81.512041
  },
  "4770 Van Epps Road, Unit 109, Brooklyn Heights, OH  44131": {
    "lat": 41.4253779,
    "lng": -81.67795579999999
  },
  "4042 Enterprise Way Suite 120\tFlowery Branch \tGA\t30542": {
    "lat": 34.215197,
    "lng": -83.88728700000001
  },
  "1862 Alpine Ave NW, Grand Rapids, MI  49504": {
    "lat": 42.997232,
    "lng": -85.6878309
  },
  "516 Delwar Rd.\tPittsburgh\tPA\t15236": {
    "lat": 40.3501626,
    "lng": -79.9549431
  },
  "13860 Benson Ave Unit A\tChino\tCA\t91710": {
    "lat": 34.0012237,
    "lng": -117.6807323
  },
  "7021 South 220th Street,\tKent,\tWA\t98032": {
    "lat": 47.404296,
    "lng": -122.245082
  },
  "5006 Veterans Memorial Highway, Holbrook, NY 11741": {
    "lat": 40.7764842,
    "lng": -73.0721727
  },
  "1725 East 9th St, Texarkana, AR 71854, United States": {
    "lat": 33.4332155,
    "lng": -94.0232527
  },
  "420 S. Kitley Ave\tIndianapolis\tIN\t46219": {
    "lat": 39.7626747,
    "lng": -86.05546969999999
  },
  "10001 Derekwood Ln ste 203,\tLanham,\tMD\t20706": {
    "lat": 38.9481869,
    "lng": -76.83344459999999
  },
  "6700 Tribble Street, Lithonia, GA 30058": {
    "lat": 33.7193347,
    "lng": -84.11499069999999
  },
  "4231 Leap Rd., Suite H,\tHilliard,\tOH\t43026": {
    "lat": 40.0407661,
    "lng": -83.1409734
  },
  "4615 NW 72nd Ave, Unit 109,\tMiami,\tFL\t33166": {
    "lat": 25.8159193,
    "lng": -80.3128507
  },
  "1 Federal Way, Atwater, CA 95301": {
    "lat": 37.3840277,
    "lng": -120.5587741
  },
  "1299 S. Seaside Avenue, San Pedro, CA 90731": {
    "lat": 33.7278834,
    "lng": -118.268127
  },
  "1300 Metropolitan Avenue, Leavenworth, KS 66048": {
    "lat": 39.3299481,
    "lng": -94.93634980000002
  },
  "Electronics Recycling Factory, 4001 Leopard Drive, Texarkana, TX 75501": {
    "lat": 33.3769889,
    "lng": -94.08937089999999
  },
  "Electronics Recycling Factory , 3625 FCI Road, Marianna, FL 32446": {
    "lat": 30.8267248,
    "lng": -85.1885868
  },
  "Interstate 81 & Route 901W, Minersville, PA 17954": {
    "lat": 36.6256571,
    "lng": -82.1491874
  },
  "505 Airline Dr.,\tCoppell,\tTX\t75019": {
    "lat": 32.9430407,
    "lng": -97.00398419999999
  },
  "2900 Terminal Ave\tRichmond\tVA\t23234": {
    "lat": 37.4834792,
    "lng": -77.4510142
  },
  "4301 Wissahickon Avenue\tPhiladelphia\tPA\t19129": {
    "lat": 40.0149334,
    "lng": -75.164675
  },
  "3808 Weber Road\tSt. Louis\tMO\t63125": {
    "lat": 38.547668,
    "lng": -90.279141
  },
  "751 West Boomer Way\tShelbyville\tIN\t46176": {
    "lat": 39.536128,
    "lng": -85.787122
  },
  "1545 South Cicero Avenue\tCicero\tIL\t60804": {
    "lat": 41.859407,
    "lng": -87.74426780000002
  },
  "9925 Brookford Street \tCharlotte\tNC\t28273": {
    "lat": 35.1210844,
    "lng": -80.9416383
  },
  "3380 Green Park Circle, Charlotte, NC  28217": {
    "lat": 35.1715979,
    "lng": -80.9342412
  },
  "2500 W Fulton Street, Chicago, IL 60612": {
    "lat": 41.8869066,
    "lng": -87.6891728
  },
  "8500 Carbide Court,\tSacramento,\tCA\t95828": {
    "lat": 38.4748346,
    "lng": -121.390145
  },
  "1255 Roosevelt Avenue, Indianapolis, IN 46202": {
    "lat": 39.784035,
    "lng": -86.1365924
  },
  "7332 Westminster Blvd,\tWestminster,\tCA\t92683": {
    "lat": 33.7587394,
    "lng": -118.0009735
  },
  "16135 Preston Road, Suite 116,\tDallas,\tTX\t75248": {
    "lat": 32.9692322,
    "lng": -96.8049269
  },
  "7380 Coca Cola Dr.  Suite 109, Hanover, MD  21076": {
    "lat": 39.186521,
    "lng": -76.7283059
  }
}